{"count":1,"self":36613.7638912,"total":135495.84082399998,"children":{"InitializeActuators":{"count":1,"self":0.000704,"total":0.000704,"children":null},"InitializeSensors":{"count":1,"self":0.004164,"total":0.004164,"children":null},"AgentSendState":{"count":6694919,"self":13.1845512,"total":17289.669876,"children":{"CollectObservations":{"count":673078,"self":0.493114,"total":0.493114,"children":null},"WriteActionMask":{"count":673078,"self":0.539453,"total":0.539453,"children":null},"RequestDecision":{"count":673078,"self":1.6647079999999999,"total":17275.452758,"children":{"AgentInfo.ToProto":{"count":673078,"self":4.4243192,"total":17273.78805,"children":{"GenerateSensorData":{"count":673078,"self":51.5346336,"total":17269.363730999998,"children":{"CameraSensor.GetCompressedObservation":{"count":673078,"self":17217.8292736,"total":17217.829095999998,"children":null}}}}}}}}},"DecideAction":{"count":6694919,"self":65906.1997568,"total":65906.20270899999,"children":null},"AgentAct":{"count":6694919,"self":15570.9505536,"total":15686.19963,"children":{"AgentInfo.ToProto":{"count":7416,"self":0.066906,"total":115.249029,"children":{"GenerateSensorData":{"count":7416,"self":0.528666,"total":115.18212299999999,"children":{"CameraSensor.GetCompressedObservation":{"count":7416,"self":114.6534528,"total":114.65345699999999,"children":null}}}}}}}},"gauges":{"CarFinish.CumulativeReward":{"count":7416,"max":19.448555,"min":0.00747680664,"runningAverage":7.334143,"value":5.592232,"weightedAverage":7.31335449}},"metadata":{"timer_format_version":"0.1.0","start_time_seconds":"1695154668","unity_version":"2021.3.27f1","command_line_arguments":"\/home\/benba\/ml-racing\/ML\/builds\/track_drift_80x60x3_ep1024_linux\/ml_racing.x86_64 --mlagents-port 5008","communication_protocol_version":"1.5.0","com.unity.ml-agents_version":"2.0.1","scene_name":"MLCarRacetrack","end_time_seconds":"1695290164"}}5290164"}}