{"count":1,"self":1491.6245503999999,"total":45857.320683,"children":{"InitializeActuators":{"count":1,"self":0.000676,"total":0.000676,"children":null},"InitializeSensors":{"count":1,"self":0.0018629999999999999,"total":0.0018629999999999999,"children":null},"AgentSendState":{"count":6834205,"self":8.6820072,"total":952.426106,"children":{"CollectObservations":{"count":692265,"self":0.353738,"total":0.353738,"children":null},"WriteActionMask":{"count":692265,"self":0.353892,"total":0.353892,"children":null},"RequestDecision":{"count":692265,"self":1.188274,"total":943.036469,"children":{"AgentInfo.ToProto":{"count":692265,"self":2.81235,"total":941.84819499999992,"children":{"GenerateSensorData":{"count":692265,"self":11.3013616,"total":939.035845,"children":{"CameraSensor.GetCompressedObservation":{"count":692265,"self":927.73447679999992,"total":927.734483,"children":null}}}}}}}}},"DecideAction":{"count":6834205,"self":10627.1121408,"total":10627.112474,"children":null},"AgentAct":{"count":6834205,"self":32761.5741952,"total":32786.154389999996,"children":{"AgentInfo.ToProto":{"count":19778,"self":0.14235899999999999,"total":24.581117,"children":{"GenerateSensorData":{"count":19778,"self":0.356767,"total":24.438758,"children":{"CameraSensor.GetCompressedObservation":{"count":19778,"self":24.0819904,"total":24.081991,"children":null}}}}}}}},"gauges":{"CarFinish.CumulativeReward":{"count":19778,"max":29.5053177,"min":-0.4822395,"runningAverage":8.42133,"value":5.704528,"weightedAverage":6.81914043}},"metadata":{"timer_format_version":"0.1.0","start_time_seconds":"1690623756","unity_version":"2021.3.27f1","command_line_arguments":"\/home\/benba\/ml-racing\/ML\/image_only_drift\/ml-racing.x86_64 --mlagents-port 5007","communication_protocol_version":"1.5.0","com.unity.ml-agents_version":"2.0.1","scene_name":"MLCarRacetrack","end_time_seconds":"1690669613"}}me_seconds":"1690669613"}}_name":"MLCarRacetrack","end_time_seconds":"1690669613"}}