{"count":1,"self":3305.053184,"total":26415.402911999998,"children":{"InitializeActuators":{"count":1,"self":0.000847,"total":0.000847,"children":null},"InitializeSensors":{"count":1,"self":0.004154,"total":0.004154,"children":null},"AgentSendState":{"count":1297936,"self":2.0331319999999997,"total":1822.9729929999999,"children":{"CollectObservations":{"count":130736,"self":0.33863099999999996,"total":0.33863099999999996,"children":null},"WriteActionMask":{"count":130736,"self":0.089952999999999991,"total":0.089952999999999991,"children":null},"RequestDecision":{"count":130736,"self":0.238027,"total":1820.5112769999998,"children":{"AgentInfo.ToProto":{"count":130736,"self":0.58751,"total":1820.27325,"children":{"GenerateSensorData":{"count":130736,"self":9.2971712,"total":1819.68574,"children":{"CameraSensor.GetCompressedObservation":{"count":130736,"self":1810.3885824,"total":1810.388569,"children":null}}}}}}}}},"DecideAction":{"count":1297936,"self":15201.0113024,"total":15201.011926,"children":null},"AgentAct":{"count":1297936,"self":6073.1006976,"total":6086.359095,"children":{"AgentInfo.ToProto":{"count":2096,"self":0.011524999999999999,"total":13.258274,"children":{"GenerateSensorData":{"count":2096,"self":0.124582,"total":13.246749,"children":{"CameraSensor.GetCompressedObservation":{"count":2096,"self":13.1221672,"total":13.122167,"children":null}}}}}}}},"gauges":{"CarFinish.CumulativeReward":{"count":2096,"max":241.762482,"min":0.277436882,"runningAverage":24.615654,"value":8.411617,"weightedAverage":24.5932827}},"metadata":{"timer_format_version":"0.1.0","start_time_seconds":"1696921881","unity_version":"2021.3.27f1","command_line_arguments":"\/home\/benba\/ml-racing\/ML\/green_builds\/regular_drive_linux\/ml-racing.x86_64 --mlagents-port 5011","communication_protocol_version":"1.5.0","com.unity.ml-agents_version":"2.0.1","scene_name":"MLCarRacetrackTrain","end_time_seconds":"1696948296"}}_seconds":"1696948296"}}