{"count":1,"self":10130.4221696,"total":31587.133008999997,"children":{"InitializeActuators":{"count":1,"self":0.000801,"total":0.000801,"children":null},"InitializeSensors":{"count":1,"self":0.002647,"total":0.002647,"children":null},"AgentSendState":{"count":1549115,"self":3.770634,"total":4781.616394,"children":{"CollectObservations":{"count":155305,"self":0.222777,"total":0.222777,"children":null},"WriteActionMask":{"count":155305,"self":0.17863199999999999,"total":0.17863199999999999,"children":null},"RequestDecision":{"count":155305,"self":0.46276999999999996,"total":4777.444351,"children":{"AgentInfo.ToProto":{"count":155305,"self":0.987845,"total":4776.981581,"children":{"GenerateSensorData":{"count":155305,"self":5.235804,"total":4775.9937359999994,"children":{"CameraSensor.GetCompressedObservation":{"count":155305,"self":4770.7578367999995,"total":4770.7579319999995,"children":null}}}}}}}}},"DecideAction":{"count":1549115,"self":9724.3348992,"total":9724.334896,"children":null},"AgentAct":{"count":1549115,"self":6927.6237824,"total":6950.75573,"children":{"AgentInfo.ToProto":{"count":1052,"self":0.0073679999999999995,"total":23.132282999999997,"children":{"GenerateSensorData":{"count":1052,"self":0.041893,"total":23.124914999999998,"children":{"CameraSensor.GetCompressedObservation":{"count":1052,"self":23.083022399999997,"total":23.083022,"children":null}}}}}}}},"gauges":{"CarFinish.CumulativeReward":{"count":1052,"max":163.254639,"min":1.82310331,"runningAverage":77.8697,"value":92.17234,"weightedAverage":120.519325}},"metadata":{"timer_format_version":"0.1.0","start_time_seconds":"1693706327","unity_version":"2021.3.27f1","command_line_arguments":"\/home\/benba\/ml-racing\/ML\/builds\/circle_discrete_80x60_ep5000_linux\/ml_racing.x86_64 --mlagents-port 5012","communication_protocol_version":"1.5.0","com.unity.ml-agents_version":"2.0.1","scene_name":"MLCarRacetrack","end_time_seconds":"1693737914"}}"}}arRacetrack","end_time_seconds":"1693737914"}}