{"count":1,"self":2532.3165696,"total":68554.283956,"children":{"InitializeActuators":{"count":1,"self":0.00072399999999999993,"total":0.00072399999999999993,"children":null},"InitializeSensors":{"count":1,"self":0.004757,"total":0.004757,"children":null},"AgentSendState":{"count":11494687,"self":14.1828992,"total":1938.4346919999998,"children":{"CollectObservations":{"count":1158708,"self":0.62930199999999992,"total":0.62930199999999992,"children":null},"WriteActionMask":{"count":1158708,"self":0.680944,"total":0.680944,"children":null},"RequestDecision":{"count":1158708,"self":2.346219,"total":1922.941546,"children":{"AgentInfo.ToProto":{"count":1158708,"self":5.271516,"total":1920.595327,"children":{"GenerateSensorData":{"count":1158708,"self":66.801056,"total":1915.323811,"children":{"CameraSensor.GetCompressedObservation":{"count":1158708,"self":1848.5227519999999,"total":1848.5227519999999,"children":null}}}}}}}}},"DecideAction":{"count":11494687,"self":24918.7090432,"total":24918.709269,"children":null},"AgentAct":{"count":11494687,"self":39139.3083392,"total":39164.816306,"children":{"AgentInfo.ToProto":{"count":18786,"self":0.12761999999999998,"total":25.506928,"children":{"GenerateSensorData":{"count":18786,"self":0.94137799999999994,"total":25.379307999999998,"children":{"CameraSensor.GetCompressedObservation":{"count":18786,"self":24.4379296,"total":24.437929999999998,"children":null}}}}}}}},"gauges":{"CarFinish.CumulativeReward":{"count":18786,"max":57.9336624,"min":0.3898122,"runningAverage":15.4576454,"value":43.8736877,"weightedAverage":26.7263069}},"metadata":{"timer_format_version":"0.1.0","start_time_seconds":"1690829334","unity_version":"2021.3.27f1","command_line_arguments":"\/home\/benba\/ml-racing\/ML\/stack_build_linux\/ml-racing.x86_64 --mlagents-port 5005","communication_protocol_version":"1.5.0","com.unity.ml-agents_version":"2.0.1","scene_name":"MLCarRacetrack","end_time_seconds":"1690897888"}}