{"count":1,"self":647.9271936,"total":16332.998207999999,"children":{"InitializeActuators":{"count":1,"self":0.000759,"total":0.000759,"children":null},"InitializeSensors":{"count":1,"self":0.003029,"total":0.003029,"children":null},"AgentSendState":{"count":2185338,"self":3.756418,"total":666.84562999999991,"children":{"CollectObservations":{"count":220469,"self":0.251446,"total":0.251446,"children":null},"WriteActionMask":{"count":220469,"self":0.29423099999999996,"total":0.29423099999999996,"children":null},"RequestDecision":{"count":220469,"self":0.64446399999999993,"total":662.543535,"children":{"AgentInfo.ToProto":{"count":220469,"self":1.337297,"total":661.89907099999994,"children":{"GenerateSensorData":{"count":220469,"self":8.197552,"total":660.561774,"children":{"CameraSensor.GetCompressedObservation":{"count":220469,"self":652.3642368,"total":652.36422199999993,"children":null}}}}}}}}},"DecideAction":{"count":2185338,"self":4692.3108352,"total":4692.311014,"children":null},"AgentAct":{"count":2185338,"self":10318.761983999999,"total":10325.910005,"children":{"AgentInfo.ToProto":{"count":4075,"self":0.04325,"total":7.1477749999999993,"children":{"GenerateSensorData":{"count":4075,"self":0.16809,"total":7.104525,"children":{"CameraSensor.GetCompressedObservation":{"count":4075,"self":6.9364352,"total":6.9364349999999995,"children":null}}}}}}}},"gauges":{"CarFinish.CumulativeReward":{"count":4075,"max":60.68748,"min":-0.849922,"runningAverage":13.26602,"value":17.6888924,"weightedAverage":18.6213589}},"metadata":{"timer_format_version":"0.1.0","start_time_seconds":"1692637996","unity_version":"2021.3.27f1","command_line_arguments":"\/home\/benba\/ml-racing\/ML\/discrete_build_linux\/ml_racing.x86_64 --mlagents-port 5006","communication_protocol_version":"1.5.0","com.unity.ml-agents_version":"2.0.1","scene_name":"MLCarRacetrack","end_time_seconds":"1692654329"}}k","end_time_seconds":"1692654329"}}692654329"}}","end_time_seconds":"1692654329"}}