{"count":1,"self":7342.8180992,"total":57653.016949,"children":{"InitializeActuators":{"count":1,"self":0.000762,"total":0.000762,"children":null},"InitializeSensors":{"count":1,"self":0.0033309999999999998,"total":0.0033309999999999998,"children":null},"AgentSendState":{"count":2833447,"self":4.4281368,"total":4112.967105,"children":{"CollectObservations":{"count":285783,"self":0.16203599999999999,"total":0.16203599999999999,"children":null},"WriteActionMask":{"count":285783,"self":0.16921799999999998,"total":0.16921799999999998,"children":null},"RequestDecision":{"count":285783,"self":0.55315799999999993,"total":4108.207714,"children":{"AgentInfo.ToProto":{"count":285783,"self":1.28243,"total":4107.6545559999995,"children":{"GenerateSensorData":{"count":285783,"self":16.3439552,"total":4106.372126,"children":{"CameraSensor.GetCompressedObservation":{"count":285783,"self":4090.0280319999997,"total":4090.028171,"children":null}}}}}}}}},"DecideAction":{"count":2833447,"self":33035.9898112,"total":33035.989789,"children":null},"AgentAct":{"count":2833447,"self":13122.1684224,"total":13161.237642,"children":{"AgentInfo.ToProto":{"count":5442,"self":0.035141,"total":39.06948,"children":{"GenerateSensorData":{"count":5442,"self":0.293031,"total":39.034338999999996,"children":{"CameraSensor.GetCompressedObservation":{"count":5442,"self":38.7413088,"total":38.741308,"children":null}}}}}}}},"gauges":{"CarFinish.CumulativeReward":{"count":5442,"max":119.340324,"min":0.958294034,"runningAverage":19.6705589,"value":6.96170139,"weightedAverage":20.9310951}},"metadata":{"timer_format_version":"0.1.0","start_time_seconds":"1696623288","unity_version":"2021.3.27f1","command_line_arguments":"\/home\/benba\/ml-racing\/ML\/green_builds\/green_drive_3track_break_linux\/ml-racing.x86_64 --mlagents-port 5008","communication_protocol_version":"1.5.0","com.unity.ml-agents_version":"2.0.1","scene_name":"MLCarRacetrackTrain","end_time_seconds":"1696680941"}}