{"count":1,"self":15.4022048,"total":36.5949994,"children":{"InitializeActuators":{"count":1,"self":0.0010023999999999999,"total":0.0010023999999999999,"children":null},"InitializeSensors":{"count":1,"self":0.0075102999999999993,"total":0.0075102999999999993,"children":null},"AgentSendState":{"count":1384,"self":0.011050299999999999,"total":0.96032299999999993,"children":{"CollectObservations":{"count":142,"self":0.0025386,"total":0.0025386,"children":null},"WriteActionMask":{"count":142,"self":0,"total":0,"children":null},"RequestDecision":{"count":142,"self":0.0015484,"total":0.94673409999999991,"children":{"AgentInfo.ToProto":{"count":142,"self":0.0033309,"total":0.94518569999999991,"children":{"GenerateSensorData":{"count":142,"self":0.0254264,"total":0.9418548,"children":{"CameraSensor.GetCompressedObservation":{"count":142,"self":0.91642839999999992,"total":0.91642839999999992,"children":null}}}}}}}}},"DecideAction":{"count":1384,"self":15.6965232,"total":15.696523699999998,"children":null},"AgentAct":{"count":1384,"self":4.5197975999999995,"total":4.5258365,"children":{"AgentInfo.ToProto":{"count":1,"self":0,"total":0.0060387999999999996,"children":{"GenerateSensorData":{"count":1,"self":0,"total":0.0060387999999999996,"children":{"CameraSensor.GetCompressedObservation":{"count":1,"self":0.0060387999999999996,"total":0.0060387999999999996,"children":null}}}}}}}},"gauges":{"CarFinish.CumulativeReward":{"count":1,"max":12.3155766,"min":12.3155766,"runningAverage":12.3155766,"value":12.3155766,"weightedAverage":12.3155766}},"metadata":{"timer_format_version":"0.1.0","start_time_seconds":"1687339841","unity_version":"2021.3.23f1","command_line_arguments":"C:\\Users\\benba\\Documents\\uni\\ba\\ml-racing\\ml-racing-project\\ML\\build_02\/ml-racing-project.exe --mlagents-port 5005","communication_protocol_version":"1.5.0","com.unity.ml-agents_version":"2.0.1","scene_name":"MLCarRacetrack","end_time_seconds":"1687339877"}}