{"count":1,"self":1124.8518144,"total":11277.748679999999,"children":{"InitializeActuators":{"count":1,"self":0.000776,"total":0.000776,"children":null},"InitializeSensors":{"count":1,"self":0.0033929999999999997,"total":0.0033929999999999997,"children":null},"AgentSendState":{"count":553171,"self":0.843839,"total":725.215416,"children":{"CollectObservations":{"count":55958,"self":0.029606999999999998,"total":0.029606999999999998,"children":null},"WriteActionMask":{"count":55958,"self":0.038216,"total":0.038216,"children":null},"RequestDecision":{"count":55958,"self":0.109425,"total":724.30375399999991,"children":{"AgentInfo.ToProto":{"count":55958,"self":0.257805,"total":724.19432899999993,"children":{"GenerateSensorData":{"count":55958,"self":3.5153299999999996,"total":723.936524,"children":{"CameraSensor.GetCompressedObservation":{"count":55958,"self":720.4211712,"total":720.421194,"children":null}}}}}}}}},"DecideAction":{"count":553171,"self":6855.047168,"total":6855.0472199999995,"children":null},"AgentAct":{"count":553171,"self":2564.1639935999997,"total":2572.629484,"children":{"AgentInfo.ToProto":{"count":1421,"self":0.010766999999999999,"total":8.465448,"children":{"GenerateSensorData":{"count":1421,"self":0.083536,"total":8.454680999999999,"children":{"CameraSensor.GetCompressedObservation":{"count":1421,"self":8.3711448,"total":8.371145,"children":null}}}}}}}},"gauges":{"CarFinish.CumulativeReward":{"count":1421,"max":52.35196,"min":1.27218556,"runningAverage":12.6130018,"value":3.7222755,"weightedAverage":15.3488111}},"metadata":{"timer_format_version":"0.1.0","start_time_seconds":"1696681211","unity_version":"2021.3.27f1","command_line_arguments":"\/home\/benba\/ml-racing\/ML\/green_builds\/green_drive_dynamix_vel_linux\/ml-racing.x86_64 --mlagents-port 5011","communication_protocol_version":"1.5.0","com.unity.ml-agents_version":"2.0.1","scene_name":"MLCarRacetrackTrain","end_time_seconds":"1696692489"}}92489"}}96692489"}}