{"count":1,"self":6823.35232,"total":45823.243923999995,"children":{"InitializeActuators":{"count":1,"self":0.001106,"total":0.001106,"children":null},"InitializeSensors":{"count":1,"self":0.0058769999999999994,"total":0.0058769999999999994,"children":null},"AgentSendState":{"count":2253362,"self":3.6702512,"total":3805.715099,"children":{"CollectObservations":{"count":226051,"self":0.626174,"total":0.626174,"children":null},"WriteActionMask":{"count":226051,"self":0.162548,"total":0.162548,"children":null},"RequestDecision":{"count":226051,"self":0.46138799999999996,"total":3801.2561259999998,"children":{"AgentInfo.ToProto":{"count":226051,"self":1.044228,"total":3800.794738,"children":{"GenerateSensorData":{"count":226051,"self":14.969608,"total":3799.75051,"children":{"CameraSensor.GetCompressedObservation":{"count":226051,"self":3784.7810047999997,"total":3784.780902,"children":null}}}}}}}}},"DecideAction":{"count":2253362,"self":24409.658163199998,"total":24409.657465,"children":null},"AgentAct":{"count":2253362,"self":10772.803584,"total":10784.511373,"children":{"AgentInfo.ToProto":{"count":1676,"self":0.0096359999999999987,"total":11.707827,"children":{"GenerateSensorData":{"count":1676,"self":0.099389999999999992,"total":11.698191,"children":{"CameraSensor.GetCompressedObservation":{"count":1676,"self":11.5988008,"total":11.598801,"children":null}}}}}}}},"gauges":{"CarFinish.CumulativeReward":{"count":1676,"max":298.7803,"min":1.16400135,"runningAverage":69.8149261,"value":161.729553,"weightedAverage":101.1901}},"metadata":{"timer_format_version":"0.1.0","start_time_seconds":"1696809861","unity_version":"2021.3.27f1","command_line_arguments":"\/home\/benba\/ml-racing\/ML\/green_builds\/green_drive_dynamic_mix_linux\/ml-racing.x86_64 --mlagents-port 5007","communication_protocol_version":"1.5.0","com.unity.ml-agents_version":"2.0.1","scene_name":"MLCarRacetrackTrain","end_time_seconds":"1696855684"}}684"}}