{"count":1,"self":17305.424691199998,"total":150533.116984,"children":{"InitializeActuators":{"count":1,"self":0.000683,"total":0.000683,"children":null},"InitializeSensors":{"count":1,"self":0.003261,"total":0.003261,"children":null},"AgentSendState":{"count":7422809,"self":11.176159199999999,"total":10045.623391,"children":{"CollectObservations":{"count":749239,"self":0.410605,"total":0.410605,"children":null},"WriteActionMask":{"count":749239,"self":0.463182,"total":0.463182,"children":null},"RequestDecision":{"count":749239,"self":1.3562049999999999,"total":10033.573445,"children":{"AgentInfo.ToProto":{"count":749239,"self":3.2143349999999997,"total":10032.21724,"children":{"GenerateSensorData":{"count":749239,"self":42.360892799999995,"total":10029.002905,"children":{"CameraSensor.GetCompressedObservation":{"count":749239,"self":9986.64192,"total":9986.6420129999988,"children":null}}}}}}}}},"DecideAction":{"count":7422809,"self":88236.700467199989,"total":88236.69843199999,"children":null},"AgentAct":{"count":7422809,"self":34843.082751999995,"total":34945.365503,"children":{"AgentInfo.ToProto":{"count":15406,"self":0.088004,"total":102.281904,"children":{"GenerateSensorData":{"count":15406,"self":0.782458,"total":102.1939,"children":{"CameraSensor.GetCompressedObservation":{"count":15406,"self":101.4114432,"total":101.411442,"children":null}}}}}}}},"gauges":{"CarFinish.CumulativeReward":{"count":15406,"max":142.984344,"min":1.09679294,"runningAverage":23.1928139,"value":7.28564358,"weightedAverage":16.9284477}},"metadata":{"timer_format_version":"0.1.0","start_time_seconds":"1696337234","unity_version":"2021.3.27f1","command_line_arguments":"\/home\/benba\/ml-racing\/ML\/green_builds\/green_drive_3track_linux\/ml-racing.x86_64 --mlagents-port 5012","communication_protocol_version":"1.5.0","com.unity.ml-agents_version":"2.0.1","scene_name":"MLCarRacetrackTrain","end_time_seconds":"1696487767"}}time_seconds":"1696487767"}}}