{"count":1,"self":73.9190144,"total":143.8713789,"children":{"InitializeActuators":{"count":1,"self":0.0020020999999999997,"total":0.0020020999999999997,"children":null},"InitializeSensors":{"count":1,"self":0.0071753999999999993,"total":0.0071753999999999993,"children":null},"AgentSendState":{"count":7030,"self":0.047136199999999996,"total":2.3090336,"children":{"CollectObservations":{"count":709,"self":0.0019967,"total":0.0019967,"children":null},"WriteActionMask":{"count":709,"self":0.0030066,"total":0.0030066,"children":null},"RequestDecision":{"count":709,"self":0.0039143,"total":2.2568941,"children":{"AgentInfo.ToProto":{"count":709,"self":0.0103001,"total":2.2529798,"children":{"GenerateSensorData":{"count":709,"self":0.090139,"total":2.2426797,"children":{"CameraSensor.GetCompressedObservation":{"count":709,"self":2.1525407999999997,"total":2.1525407,"children":null}}}}}}}}},"DecideAction":{"count":7030,"self":7.2993103999999995,"total":7.2993101,"children":null},"AgentAct":{"count":7030,"self":60.319238399999996,"total":60.3338386,"children":{"AgentInfo.ToProto":{"count":5,"self":0,"total":0.014598799999999999,"children":{"GenerateSensorData":{"count":5,"self":0,"total":0.014598799999999999,"children":{"CameraSensor.GetCompressedObservation":{"count":5,"self":0.014598799999999999,"total":0.014598799999999999,"children":null}}}}}}}},"gauges":{"CarFinish.CumulativeReward":{"count":5,"max":50.42169,"min":4.67727375,"runningAverage":33.0793762,"value":37.7836,"weightedAverage":34.27318}},"metadata":{"timer_format_version":"0.1.0","start_time_seconds":"1691056037","unity_version":"2021.3.27f1","command_line_arguments":"C:\\Users\\benba\\Documents\\uni\\ba\\ml-racing-2021\\ML\\image_only_build\/ml-racing-project.exe --mlagents-port 5005","communication_protocol_version":"1.5.0","com.unity.ml-agents_version":"2.0.1","scene_name":"MLCarRacetrack","end_time_seconds":"1691056180"}}