{"count":1,"self":64.780422399999992,"total":140.0366379,"children":{"InitializeActuators":{"count":1,"self":0.0009998,"total":0.0009998,"children":null},"InitializeSensors":{"count":1,"self":0.0076244999999999993,"total":0.0076244999999999993,"children":null},"AgentSendState":{"count":6554,"self":0.029362299999999997,"total":10.7891528,"children":{"CollectObservations":{"count":662,"self":8.8768536,"total":8.8768539,"children":null},"WriteActionMask":{"count":662,"self":0.00096919999999999992,"total":0.00096919999999999992,"children":null},"RequestDecision":{"count":662,"self":0.0065079,"total":1.8819674,"children":{"AgentInfo.ToProto":{"count":662,"self":0.0099908999999999987,"total":1.8754594999999998,"children":{"GenerateSensorData":{"count":662,"self":0.0698594,"total":1.8654685999999998,"children":{"CameraSensor.GetCompressedObservation":{"count":662,"self":1.7956092,"total":1.7956092,"children":null}}}}}}}}},"DecideAction":{"count":6554,"self":18.238380799999998,"total":18.238380199999998,"children":null},"AgentAct":{"count":6554,"self":46.2105088,"total":46.219023299999996,"children":{"AgentInfo.ToProto":{"count":3,"self":0.0009945,"total":0.008513699999999999,"children":{"GenerateSensorData":{"count":3,"self":0,"total":0.0075191999999999993,"children":{"CameraSensor.GetCompressedObservation":{"count":3,"self":0.0075191999999999993,"total":0.0075191999999999993,"children":null}}}}}}}},"gauges":{"CarFinish.CumulativeReward":{"count":3,"max":34.26288,"min":3.44016361,"runningAverage":19.6734886,"value":34.26288,"weightedAverage":14.4978285}},"metadata":{"timer_format_version":"0.1.0","start_time_seconds":"1697219738","unity_version":"2021.3.27f1","command_line_arguments":"C:\\Users\\benba\\Documents\\uni\\ba\\ml-r2\\ml-r2\\ML\\last_builds\/german_4k_win\\ml-racing-project.exe --mlagents-port 5005","communication_protocol_version":"1.5.0","com.unity.ml-agents_version":"2.0.1","scene_name":"MLCarRacetrackTrain","end_time_seconds":"1697219877"}}