{"count":1,"self":5935.5062272,"total":31083.220837999997,"children":{"InitializeActuators":{"count":1,"self":0.00079,"total":0.00079,"children":null},"InitializeSensors":{"count":1,"self":0.004325,"total":0.004325,"children":null},"AgentSendState":{"count":1528338,"self":3.093584,"total":3110.1273029999998,"children":{"CollectObservations":{"count":153952,"self":371.96224,"total":371.96225,"children":null},"WriteActionMask":{"count":153952,"self":0.15961599999999998,"total":0.15961599999999998,"children":null},"RequestDecision":{"count":153952,"self":0.346651,"total":2734.911853,"children":{"AgentInfo.ToProto":{"count":153952,"self":0.866128,"total":2734.5652019999998,"children":{"GenerateSensorData":{"count":153952,"self":13.344920799999999,"total":2733.6990739999997,"children":{"CameraSensor.GetCompressedObservation":{"count":153952,"self":2720.3540992,"total":2720.3541529999998,"children":null}}}}}}}}},"DecideAction":{"count":1528338,"self":19875.5598336,"total":19875.560201,"children":null},"AgentAct":{"count":1528338,"self":2137.6002048,"total":2162.021256,"children":{"AgentInfo.ToProto":{"count":2400,"self":0.017643,"total":24.421055,"children":{"GenerateSensorData":{"count":2400,"self":0.190651,"total":24.403412,"children":{"CameraSensor.GetCompressedObservation":{"count":2400,"self":24.2127616,"total":24.212761,"children":null}}}}}}}},"gauges":{"CarFinish.CumulativeReward":{"count":2400,"max":57.6006432,"min":1.208539,"runningAverage":14.6936588,"value":11.6265736,"weightedAverage":17.17566}},"metadata":{"timer_format_version":"0.1.0","start_time_seconds":"1697092220","unity_version":"2021.3.27f1","command_line_arguments":"\/home\/benba\/ml-racing\/ML\/last_builds\/drift_circle_10_linux\/ml-racing.x86_64 --mlagents-port 5006","communication_protocol_version":"1.5.0","com.unity.ml-agents_version":"2.0.1","scene_name":"MLCarRacetrackTrainDriift","end_time_seconds":"1697123303"}}:"1697123303"}}