{"count":1,"self":1730.7480064,"total":19183.439656,"children":{"InitializeActuators":{"count":1,"self":0.000749,"total":0.000749,"children":null},"InitializeSensors":{"count":1,"self":0.0037949999999999998,"total":0.0037949999999999998,"children":null},"AgentSendState":{"count":3622970,"self":6.3065432,"total":4134.314327,"children":{"CollectObservations":{"count":363804,"self":817.8462208,"total":817.846231,"children":null},"WriteActionMask":{"count":363804,"self":0.33285,"total":0.33285,"children":null},"RequestDecision":{"count":363804,"self":0.78601899999999991,"total":3309.8287029999997,"children":{"AgentInfo.ToProto":{"count":363804,"self":1.8743189999999998,"total":3309.042684,"children":{"GenerateSensorData":{"count":363804,"self":23.6470864,"total":3307.168365,"children":{"CameraSensor.GetCompressedObservation":{"count":363804,"self":3283.5213312,"total":3283.521279,"children":null}}}}}}}}},"DecideAction":{"count":3622970,"self":8588.0061952,"total":8588.0057939999988,"children":null},"AgentAct":{"count":3622970,"self":4717.3267455999994,"total":4730.366168,"children":{"AgentInfo.ToProto":{"count":3175,"self":0.020444,"total":13.039468999999999,"children":{"GenerateSensorData":{"count":3175,"self":0.21499,"total":13.019025,"children":{"CameraSensor.GetCompressedObservation":{"count":3175,"self":12.8040352,"total":12.804034999999999,"children":null}}}}}}}},"gauges":{"CarFinish.CumulativeReward":{"count":3175,"max":73.75047,"min":0.329261839,"runningAverage":28.5083122,"value":5.84505129,"weightedAverage":48.0303574}},"metadata":{"timer_format_version":"0.1.0","start_time_seconds":"1697044719","unity_version":"2021.3.27f1","command_line_arguments":"\/home\/benba\/ml-racing\/ML\/last_builds\/drift_circle_10_linux\/ml-racing.x86_64 --mlagents-port 5012","communication_protocol_version":"1.5.0","com.unity.ml-agents_version":"2.0.1","scene_name":"MLCarRacetrackTrainDriift","end_time_seconds":"1697063903"}},"end_time_seconds":"1697063903"}}