{"count":1,"self":10.526055999999999,"total":82.998757799999993,"children":{"InitializeActuators":{"count":1,"self":0.0019439,"total":0.0019439,"children":null},"InitializeSensors":{"count":1,"self":0.0069999999999999993,"total":0.0069999999999999993,"children":null},"AgentSendState":{"count":3199,"self":0.0195165,"total":2.9367722,"children":{"CollectObservations":{"count":326,"self":0.0020069,"total":0.0020069,"children":null},"WriteActionMask":{"count":326,"self":0.0009994,"total":0.0009994,"children":null},"RequestDecision":{"count":326,"self":0.0064732999999999995,"total":2.9142493999999997,"children":{"AgentInfo.ToProto":{"count":326,"self":0.0030177999999999997,"total":2.9077761,"children":{"GenerateSensorData":{"count":326,"self":0.065708099999999992,"total":2.9047582999999997,"children":{"CameraSensor.GetCompressedObservation":{"count":326,"self":2.8390502,"total":2.8390502,"children":null}}}}}}}}},"DecideAction":{"count":3199,"self":22.6479392,"total":22.6479398,"children":null},"AgentAct":{"count":3199,"self":46.7923392,"total":46.877049299999996,"children":{"AgentInfo.ToProto":{"count":10,"self":0,"total":0.08470889999999999,"children":{"GenerateSensorData":{"count":10,"self":0.0020093999999999997,"total":0.08470889999999999,"children":{"CameraSensor.GetCompressedObservation":{"count":10,"self":0.0826995,"total":0.0826995,"children":null}}}}}}}},"gauges":{"CarFinish.CumulativeReward":{"count":10,"max":5.301666,"min":-2.82688379,"runningAverage":1.34434688,"value":-2.82688379,"weightedAverage":0.377114028}},"metadata":{"timer_format_version":"0.1.0","start_time_seconds":"1687254206","unity_version":"2021.3.23f1","command_line_arguments":"C:\\Users\\benba\\Documents\\uni\\ba\\ml-racing\\ml-racing-project\\ML\\build\/ml-racing-project.exe --mlagents-port 5005","communication_protocol_version":"1.5.0","com.unity.ml-agents_version":"2.0.1","scene_name":"MLCarRacetrack","end_time_seconds":"1687254288"}}