{"count":1,"self":13574.6904064,"total":95117.308161,"children":{"InitializeActuators":{"count":1,"self":0.000801,"total":0.000801,"children":null},"InitializeSensors":{"count":1,"self":0.0034449999999999997,"total":0.0034449999999999997,"children":null},"AgentSendState":{"count":4677697,"self":7.7129455999999994,"total":7448.4111989999992,"children":{"CollectObservations":{"count":470008,"self":0.271835,"total":0.271835,"children":null},"WriteActionMask":{"count":470008,"self":0.33741899999999997,"total":0.33741899999999997,"children":null},"RequestDecision":{"count":470008,"self":0.950182,"total":7440.088999,"children":{"AgentInfo.ToProto":{"count":470008,"self":2.179224,"total":7439.138817,"children":{"GenerateSensorData":{"count":470008,"self":27.5518912,"total":7436.959593,"children":{"CameraSensor.GetCompressedObservation":{"count":470008,"self":7409.4075904,"total":7409.407703,"children":null}}}}}}}}},"DecideAction":{"count":4677697,"self":52341.1357696,"total":52341.136869999995,"children":null},"AgentAct":{"count":4677697,"self":21713.4792704,"total":21753.064518,"children":{"AgentInfo.ToProto":{"count":4983,"self":0.02972,"total":39.584756,"children":{"GenerateSensorData":{"count":4983,"self":0.315871,"total":39.555036,"children":{"CameraSensor.GetCompressedObservation":{"count":4983,"self":39.2391648,"total":39.239165,"children":null}}}}}}}},"gauges":{"CarFinish.CumulativeReward":{"count":4983,"max":274.1701,"min":0.5478767,"runningAverage":35.6440048,"value":36.5198479,"weightedAverage":57.2280426}},"metadata":{"timer_format_version":"0.1.0","start_time_seconds":"1696692649","unity_version":"2021.3.27f1","command_line_arguments":"\/home\/benba\/ml-racing\/ML\/green_builds\/green_drive_dynamic_vel_linux\/ml-racing.x86_64 --mlagents-port 5005","communication_protocol_version":"1.5.0","com.unity.ml-agents_version":"2.0.1","scene_name":"MLCarRacetrackTrain","end_time_seconds":"1696787767"}}:"MLCarRacetrackTrain","end_time_seconds":"1696787767"}}