{"count":1,"self":15579.725824,"total":86719.209645,"children":{"InitializeActuators":{"count":1,"self":0.001063,"total":0.001063,"children":null},"InitializeSensors":{"count":1,"self":0.005745,"total":0.005745,"children":null},"AgentSendState":{"count":4267423,"self":8.378572,"total":9232.114993,"children":{"CollectObservations":{"count":427722,"self":3531.0768128,"total":3531.076913,"children":null},"WriteActionMask":{"count":427722,"self":0.42513799999999996,"total":0.42513799999999996,"children":null},"RequestDecision":{"count":427722,"self":0.85707,"total":5692.23437,"children":{"AgentInfo.ToProto":{"count":427722,"self":2.0193209999999997,"total":5691.3773,"children":{"GenerateSensorData":{"count":427722,"self":16.0892816,"total":5689.3579789999994,"children":{"CameraSensor.GetCompressedObservation":{"count":427722,"self":5673.2688383999994,"total":5673.2686969999995,"children":null}}}}}}}}},"DecideAction":{"count":4267423,"self":41098.346496,"total":41098.347103,"children":null},"AgentAct":{"count":4267423,"self":20794.037043199998,"total":20809.01454,"children":{"AgentInfo.ToProto":{"count":2313,"self":0.015385,"total":14.977820999999999,"children":{"GenerateSensorData":{"count":2313,"self":0.094096,"total":14.962435999999999,"children":{"CameraSensor.GetCompressedObservation":{"count":2313,"self":14.8683392,"total":14.86834,"children":null}}}}}}}},"gauges":{"CarFinish.CumulativeReward":{"count":2313,"max":281.659943,"min":3.081624,"runningAverage":105.860535,"value":57.82101,"weightedAverage":122.140366}},"metadata":{"timer_format_version":"0.1.0","start_time_seconds":"1696952521","unity_version":"2021.3.27f1","command_line_arguments":"\/home\/benba\/ml-racing\/ML\/last_builds\/german_grand_prix_regular_rew_linux\/ml-racing.x86_64 --mlagents-port 5006","communication_protocol_version":"1.5.0","com.unity.ml-agents_version":"2.0.1","scene_name":"MLCarRacetrackTrain","end_time_seconds":"1697039240"}}s":"1697039240"}}9240"}}97039240"}}in","end_time_seconds":"1697039240"}}