{"count":1,"self":3083.5965951999997,"total":25776.858185999998,"children":{"InitializeActuators":{"count":1,"self":0.001112,"total":0.001112,"children":null},"InitializeSensors":{"count":1,"self":0.005919,"total":0.005919,"children":null},"AgentSendState":{"count":2503554,"self":3.895472,"total":5725.8561979999995,"children":{"CollectObservations":{"count":250607,"self":1743.2539136,"total":1743.2539689999999,"children":null},"WriteActionMask":{"count":250607,"self":0.200591,"total":0.200591,"children":null},"RequestDecision":{"count":250607,"self":0.48958999999999997,"total":3978.5061659999997,"children":{"AgentInfo.ToProto":{"count":250607,"self":1.09568,"total":3978.016576,"children":{"GenerateSensorData":{"count":250607,"self":12.768892,"total":3976.9208959999996,"children":{"CameraSensor.GetCompressedObservation":{"count":250607,"self":3964.1518079999996,"total":3964.152004,"children":null}}}}}}}}},"DecideAction":{"count":2503554,"self":7108.8930815999993,"total":7108.893378,"children":null},"AgentAct":{"count":2503554,"self":9856.0180224,"total":9858.504468,"children":{"AgentInfo.ToProto":{"count":717,"self":0.0042369999999999994,"total":2.486606,"children":{"GenerateSensorData":{"count":717,"self":0.03433,"total":2.482369,"children":{"CameraSensor.GetCompressedObservation":{"count":717,"self":2.448039,"total":2.448039,"children":null}}}}}}}},"gauges":{"CarFinish.CumulativeReward":{"count":717,"max":131.999481,"min":1.18996835,"runningAverage":74.21299,"value":119.142143,"weightedAverage":118.363937}},"metadata":{"timer_format_version":"0.1.0","start_time_seconds":"1697244010","unity_version":"2021.3.27f1","command_line_arguments":"\/home\/benba\/ml-racing\/ML\/last_builds\/german_grand_prix_regular_rew_linux\/ml-racing.x86_64 --mlagents-port 5010","communication_protocol_version":"1.5.0","com.unity.ml-agents_version":"2.0.1","scene_name":"MLCarRacetrackTrain","end_time_seconds":"1697269787"}}","end_time_seconds":"1697269787"}},"end_time_seconds":"1697269787"}}