{"count":1,"self":2073.926656,"total":22222.957405999998,"children":{"InitializeActuators":{"count":1,"self":0.000752,"total":0.000752,"children":null},"InitializeSensors":{"count":1,"self":0.0038429999999999996,"total":0.0038429999999999996,"children":null},"AgentSendState":{"count":1092360,"self":1.8701079999999999,"total":1759.920932,"children":{"CollectObservations":{"count":110220,"self":866.24768,"total":866.247721,"children":null},"WriteActionMask":{"count":110220,"self":0.10341399999999999,"total":0.10341399999999999,"children":null},"RequestDecision":{"count":110220,"self":0.226073,"total":891.69968899999992,"children":{"AgentInfo.ToProto":{"count":110220,"self":0.536737,"total":891.473616,"children":{"GenerateSensorData":{"count":110220,"self":7.380964,"total":890.936879,"children":{"CameraSensor.GetCompressedObservation":{"count":110220,"self":883.55594239999994,"total":883.55591499999991,"children":null}}}}}}}}},"DecideAction":{"count":1092360,"self":13611.426611199999,"total":13611.426243,"children":null},"AgentAct":{"count":1092360,"self":4768.3575808,"total":4777.67808,"children":{"AgentInfo.ToProto":{"count":2169,"self":0.013193999999999999,"total":9.320568,"children":{"GenerateSensorData":{"count":2169,"self":0.132473,"total":9.307374,"children":{"CameraSensor.GetCompressedObservation":{"count":2169,"self":9.1749008,"total":9.174901,"children":null}}}}}}}},"gauges":{"CarFinish.CumulativeReward":{"count":2169,"max":54.61736,"min":2.30377674,"runningAverage":28.9125023,"value":24.33866,"weightedAverage":27.9153137}},"metadata":{"timer_format_version":"0.1.0","start_time_seconds":"1697069836","unity_version":"2021.3.27f1","command_line_arguments":"\/home\/benba\/ml-racing\/ML\/last_builds\/german_grand_prix_regular_rew_linux\/ml-racing.x86_64 --mlagents-port 5008","communication_protocol_version":"1.5.0","com.unity.ml-agents_version":"2.0.1","scene_name":"MLCarRacetrackTrain","end_time_seconds":"1697092059"}}