{"count":1,"self":13320.7343104,"total":50407.421049,"children":{"InitializeActuators":{"count":1,"self":0.0011309999999999998,"total":0.0011309999999999998,"children":null},"InitializeSensors":{"count":1,"self":0.0051519999999999995,"total":0.0051519999999999995,"children":null},"AgentSendState":{"count":2487732,"self":4.9527047999999994,"total":7343.35078,"children":{"CollectObservations":{"count":249044,"self":2050.715648,"total":2050.71565,"children":null},"WriteActionMask":{"count":249044,"self":0.245938,"total":0.245938,"children":null},"RequestDecision":{"count":249044,"self":0.54218199999999994,"total":5287.436487,"children":{"AgentInfo.ToProto":{"count":249044,"self":1.205111,"total":5286.894305,"children":{"GenerateSensorData":{"count":249044,"self":16.504779199999998,"total":5285.689194,"children":{"CameraSensor.GetCompressedObservation":{"count":249044,"self":5269.184512,"total":5269.184415,"children":null}}}}}}}}},"DecideAction":{"count":2487732,"self":19167.926681599998,"total":19167.927015999998,"children":null},"AgentAct":{"count":2487732,"self":10566.5110016,"total":10575.402363,"children":{"AgentInfo.ToProto":{"count":728,"self":0.0042309999999999995,"total":8.891769,"children":{"GenerateSensorData":{"count":728,"self":0.051538,"total":8.887538,"children":{"CameraSensor.GetCompressedObservation":{"count":728,"self":8.836,"total":8.836,"children":null}}}}}}}},"gauges":{"CarFinish.CumulativeReward":{"count":728,"max":111.10202,"min":1.55777037,"runningAverage":67.16742,"value":76.12117,"weightedAverage":77.00673}},"metadata":{"timer_format_version":"0.1.0","start_time_seconds":"1697127530","unity_version":"2021.3.27f1","command_line_arguments":"\/home\/benba\/ml-racing\/ML\/last_builds\/german_grand_prix_regular_rew_linux\/ml-racing.x86_64 --mlagents-port 5007","communication_protocol_version":"1.5.0","com.unity.ml-agents_version":"2.0.1","scene_name":"MLCarRacetrackTrain","end_time_seconds":"1697177938"}}