{"count":1,"self":1097.1808767999999,"total":27331.000522,"children":{"InitializeActuators":{"count":1,"self":0.00067899999999999992,"total":0.00067899999999999992,"children":null},"InitializeSensors":{"count":1,"self":0.001913,"total":0.001913,"children":null},"AgentSendState":{"count":5071794,"self":6.323048,"total":829.630679,"children":{"CollectObservations":{"count":512419,"self":0.262304,"total":0.262304,"children":null},"WriteActionMask":{"count":512419,"self":0.330766,"total":0.330766,"children":null},"RequestDecision":{"count":512419,"self":0.937079,"total":822.714561,"children":{"AgentInfo.ToProto":{"count":512419,"self":2.19569,"total":821.777482,"children":{"GenerateSensorData":{"count":512419,"self":8.9857192,"total":819.581792,"children":{"CameraSensor.GetCompressedObservation":{"count":512419,"self":810.596096,"total":810.59607299999993,"children":null}}}}}}}}},"DecideAction":{"count":5071794,"self":8037.8961919999992,"total":8037.896427,"children":null},"AgentAct":{"count":5071794,"self":17351.083622399998,"total":17366.289041,"children":{"AgentInfo.ToProto":{"count":11564,"self":0.080401,"total":15.205176999999999,"children":{"GenerateSensorData":{"count":11564,"self":0.210912,"total":15.124775999999999,"children":{"CameraSensor.GetCompressedObservation":{"count":11564,"self":14.913863999999998,"total":14.913863999999998,"children":null}}}}}}}},"gauges":{"CarFinish.CumulativeReward":{"count":11564,"max":31.0518112,"min":-0.456449568,"runningAverage":9.936692,"value":13.8850517,"weightedAverage":11.43745}},"metadata":{"timer_format_version":"0.1.0","start_time_seconds":"1690678271","unity_version":"2021.3.27f1","command_line_arguments":"\/home\/benba\/ml-racing\/ML\/image_only_build_linux\/ml-racing.x86_64 --mlagents-port 5008","communication_protocol_version":"1.5.0","com.unity.ml-agents_version":"2.0.1","scene_name":"MLCarRacetrack","end_time_seconds":"1690705602"}}rack","end_time_seconds":"1690705602"}}