{"count":1,"self":64.386271999999991,"total":107.8828935,"children":{"InitializeActuators":{"count":1,"self":0.0009977,"total":0.0009977,"children":null},"InitializeSensors":{"count":1,"self":0.0066269,"total":0.0066269,"children":null},"AgentSendState":{"count":5128,"self":0.0405296,"total":1.7189330999999999,"children":{"CollectObservations":{"count":518,"self":0.0027957999999999998,"total":0.0027957999999999998,"children":null},"WriteActionMask":{"count":518,"self":0.0015067,"total":0.0015067,"children":null},"RequestDecision":{"count":518,"self":0.0066057999999999993,"total":1.6741009999999998,"children":{"AgentInfo.ToProto":{"count":518,"self":0.0051684,"total":1.6674951999999998,"children":{"GenerateSensorData":{"count":518,"self":0.040277099999999996,"total":1.6623268,"children":{"CameraSensor.GetCompressedObservation":{"count":518,"self":1.6220496999999998,"total":1.6220496999999998,"children":null}}}}}}}}},"DecideAction":{"count":5128,"self":9.3105456,"total":9.3105456,"children":null},"AgentAct":{"count":5128,"self":32.4434464,"total":32.4584773,"children":{"AgentInfo.ToProto":{"count":5,"self":0,"total":0.015029899999999999,"children":{"GenerateSensorData":{"count":5,"self":0,"total":0.015029899999999999,"children":{"CameraSensor.GetCompressedObservation":{"count":5,"self":0.015029899999999999,"total":0.015029899999999999,"children":null}}}}}}}},"gauges":{"CarFinish.CumulativeReward":{"count":5,"max":13.4269714,"min":1.860466,"runningAverage":7.46464157,"value":12.1404457,"weightedAverage":7.164482}},"metadata":{"timer_format_version":"0.1.0","start_time_seconds":"1692556248","unity_version":"2021.3.27f1","command_line_arguments":"C:\\Users\\benba\\Documents\\uni\\ba\\ml-racing-2021\\ML\\yellow_build_win\/ml-racing-project.exe --mlagents-port 5005","communication_protocol_version":"1.5.0","com.unity.ml-agents_version":"2.0.1","scene_name":"MLCarRacetrack","end_time_seconds":"1692556356"}}