{"count":1,"self":111.5698688,"total":179.3668797,"children":{"InitializeActuators":{"count":1,"self":0.0010184999999999999,"total":0.0010184999999999999,"children":null},"InitializeSensors":{"count":1,"self":0.0045119999999999995,"total":0.0045119999999999995,"children":null},"AgentSendState":{"count":8718,"self":0.044654599999999996,"total":2.5522904,"children":{"CollectObservations":{"count":885,"self":0.0009634,"total":0.0009634,"children":null},"WriteActionMask":{"count":885,"self":0.0045214,"total":0.0045214,"children":null},"RequestDecision":{"count":885,"self":0.007494,"total":2.502151,"children":{"AgentInfo.ToProto":{"count":885,"self":0.011412,"total":2.4946569999999997,"children":{"GenerateSensorData":{"count":885,"self":0.041183199999999996,"total":2.4832449999999997,"children":{"CameraSensor.GetCompressedObservation":{"count":885,"self":2.4420618,"total":2.4420618,"children":null}}}}}}}}},"DecideAction":{"count":8718,"self":9.3339559999999988,"total":9.3339559999999988,"children":null},"AgentAct":{"count":8718,"self":55.843091199999996,"total":55.904229,"children":{"AgentInfo.ToProto":{"count":24,"self":0.0010022,"total":0.0611366,"children":{"GenerateSensorData":{"count":24,"self":0,"total":0.0601344,"children":{"CameraSensor.GetCompressedObservation":{"count":24,"self":0.0601344,"total":0.0601344,"children":null}}}}}}}},"gauges":{"CarFinish.CumulativeReward":{"count":24,"max":13.3928013,"min":0.446838379,"runningAverage":6.19489527,"value":5.68388367,"weightedAverage":7.919786}},"metadata":{"timer_format_version":"0.1.0","start_time_seconds":"1691238374","unity_version":"2021.3.27f1","command_line_arguments":"C:\\Users\\benba\\Documents\\uni\\ba\\ml-racing-2021\\ML\\yellow_build_win\\ml-racing-project.exe --mlagents-port 5005","communication_protocol_version":"1.5.0","com.unity.ml-agents_version":"2.0.1","scene_name":"MLCarRacetrack","end_time_seconds":"1691238554"}}