{"count":1,"self":143.59759359999998,"total":275.6551713,"children":{"InitializeActuators":{"count":1,"self":0.0020458,"total":0.0020458,"children":null},"InitializeSensors":{"count":1,"self":0.0087758,"total":0.0087758,"children":null},"AgentSendState":{"count":13541,"self":0.09010689999999999,"total":4.6496799,"children":{"CollectObservations":{"count":1358,"self":0.0069032,"total":0.0069032,"children":null},"WriteActionMask":{"count":1358,"self":0.0066752999999999995,"total":0.0066752999999999995,"children":null},"RequestDecision":{"count":1358,"self":0.0060136999999999994,"total":4.5459945,"children":{"AgentInfo.ToProto":{"count":1358,"self":0.0179898,"total":4.5399807999999995,"children":{"GenerateSensorData":{"count":1358,"self":0.1492761,"total":4.521991,"children":{"CameraSensor.GetCompressedObservation":{"count":1358,"self":4.3727148,"total":4.3727149,"children":null}}}}}}}}},"DecideAction":{"count":13541,"self":15.3250032,"total":15.325002999999999,"children":null},"AgentAct":{"count":13541,"self":112.0633728,"total":112.07000339999999,"children":{"AgentInfo.ToProto":{"count":2,"self":0,"total":0.0066270999999999995,"children":{"GenerateSensorData":{"count":2,"self":0,"total":0.0066270999999999995,"children":{"CameraSensor.GetCompressedObservation":{"count":2,"self":0.0066270999999999995,"total":0.0066270999999999995,"children":null}}}}}}}},"gauges":{"CarFinish.CumulativeReward":{"count":2,"max":58.57662,"min":49.11129,"runningAverage":53.843956,"value":58.57662,"weightedAverage":51.477623}},"metadata":{"timer_format_version":"0.1.0","start_time_seconds":"1692487377","unity_version":"2021.3.27f1","command_line_arguments":"C:\\Users\\benba\\Documents\\uni\\ba\\ml-racing-2021\\ML\\yellow_build_win\/ml-racing-project.exe --mlagents-port 5005","communication_protocol_version":"1.5.0","com.unity.ml-agents_version":"2.0.1","scene_name":"MLCarRacetrack","end_time_seconds":"1692487653"}}