{"count":1,"self":43197.3793792,"total":149632.913978,"children":{"InitializeActuators":{"count":1,"self":0.000807,"total":0.000807,"children":null},"InitializeSensors":{"count":1,"self":0.0036249999999999998,"total":0.0036249999999999998,"children":null},"AgentSendState":{"count":7375602,"self":15.154508799999999,"total":19042.256535,"children":{"CollectObservations":{"count":742563,"self":0.565635,"total":0.565635,"children":null},"WriteActionMask":{"count":742563,"self":0.63935999999999993,"total":0.63935999999999993,"children":null},"RequestDecision":{"count":742563,"self":1.796468,"total":19025.897032,"children":{"AgentInfo.ToProto":{"count":742563,"self":5.0648,"total":19024.100564,"children":{"GenerateSensorData":{"count":742563,"self":56.2180288,"total":19019.035764,"children":{"CameraSensor.GetCompressedObservation":{"count":742563,"self":18962.817024,"total":18962.817736,"children":null}}}}}}}}},"DecideAction":{"count":7375602,"self":79459.3001472,"total":79459.299184,"children":null},"AgentAct":{"count":7375602,"self":7751.3842687999995,"total":7933.9752659999995,"children":{"AgentInfo.ToProto":{"count":10730,"self":0.085396,"total":182.590828,"children":{"GenerateSensorData":{"count":10730,"self":0.825526,"total":182.50543199999998,"children":{"CameraSensor.GetCompressedObservation":{"count":10730,"self":181.67991039999998,"total":181.679906,"children":null}}}}}}}},"gauges":{"CarFinish.CumulativeReward":{"count":10730,"max":70.0741043,"min":0.2629633,"runningAverage":25.0388641,"value":33.81361,"weightedAverage":38.2872}},"metadata":{"timer_format_version":"0.1.0","start_time_seconds":"1694616386","unity_version":"2021.3.27f1","command_line_arguments":"\/home\/benba\/ml-racing\/ML\/builds\/circle_drift_discrete_80x60x3_ep1024_linux\/ml_racing.x86_64 --mlagents-port 5006","communication_protocol_version":"1.5.0","com.unity.ml-agents_version":"2.0.1","scene_name":"MLCarRacetrack","end_time_seconds":"1694766019"}}etrack","end_time_seconds":"1694766019"}}