{"count":1,"self":157.5703424,"total":304.0337245,"children":{"InitializeActuators":{"count":1,"self":0.0010012999999999999,"total":0.0010012999999999999,"children":null},"InitializeSensors":{"count":1,"self":0.0039978999999999995,"total":0.0039978999999999995,"children":null},"AgentSendState":{"count":14773,"self":0.1022273,"total":4.5911428999999995,"children":{"CollectObservations":{"count":1481,"self":0.0031682999999999998,"total":0.0031682999999999998,"children":null},"WriteActionMask":{"count":1481,"self":0.0051056,"total":0.0051056,"children":null},"RequestDecision":{"count":1481,"self":0.0103463,"total":4.4806417,"children":{"AgentInfo.ToProto":{"count":1481,"self":0.0203665,"total":4.4702953999999995,"children":{"GenerateSensorData":{"count":1481,"self":0.0793386,"total":4.4499289,"children":{"CameraSensor.GetCompressedObservation":{"count":1481,"self":4.3705904,"total":4.3705903,"children":null}}}}}}}}},"DecideAction":{"count":14773,"self":15.747755199999999,"total":15.747754899999999,"children":null},"AgentAct":{"count":14773,"self":126.114048,"total":126.11805969999999,"children":{"AgentInfo.ToProto":{"count":2,"self":0,"total":0.0040104,"children":{"GenerateSensorData":{"count":2,"self":0,"total":0.0040104,"children":{"CameraSensor.GetCompressedObservation":{"count":2,"self":0.0040104,"total":0.0040104,"children":null}}}}}}}},"gauges":{"CarFinish.CumulativeReward":{"count":2,"max":785.5447,"min":8.747549,"runningAverage":397.146118,"value":8.747549,"weightedAverage":591.3454}},"metadata":{"timer_format_version":"0.1.0","start_time_seconds":"1690669841","unity_version":"2021.3.27f1","command_line_arguments":"C:\\Users\\benba\\Documents\\uni\\ba\\ml-racing-2021\\ML\\evaluate_win\/ml-racing-project.exe --mlagents-port 5005","communication_protocol_version":"1.5.0","com.unity.ml-agents_version":"2.0.1","scene_name":"MLCarRacetrack","end_time_seconds":"1690670145"}}