{"count":1,"self":18372.5867008,"total":79309.245671,"children":{"InitializeActuators":{"count":1,"self":0.00069299999999999993,"total":0.00069299999999999993,"children":null},"InitializeSensors":{"count":1,"self":0.0039299999999999995,"total":0.0039299999999999995,"children":null},"AgentSendState":{"count":3915693,"self":7.6499792,"total":8494.105752,"children":{"CollectObservations":{"count":395270,"self":0.284914,"total":0.284914,"children":null},"WriteActionMask":{"count":395270,"self":0.309907,"total":0.309907,"children":null},"RequestDecision":{"count":395270,"self":0.94568599999999992,"total":8485.8609519999991,"children":{"AgentInfo.ToProto":{"count":395270,"self":2.864944,"total":8484.915266,"children":{"GenerateSensorData":{"count":395270,"self":28.5531136,"total":8482.050322,"children":{"CameraSensor.GetCompressedObservation":{"count":395270,"self":8453.4968319999989,"total":8453.497207,"children":null}}}}}}}}},"DecideAction":{"count":3915693,"self":47238.3258624,"total":47238.327486999995,"children":null},"AgentAct":{"count":3915693,"self":5107.7668864,"total":5204.220983,"children":{"AgentInfo.ToProto":{"count":7963,"self":0.065141999999999992,"total":96.454,"children":{"GenerateSensorData":{"count":7963,"self":0.65193899999999994,"total":96.388858,"children":{"CameraSensor.GetCompressedObservation":{"count":7963,"self":95.7369216,"total":95.736919,"children":null}}}}}}}},"gauges":{"CarFinish.CumulativeReward":{"count":7963,"max":45.2659225,"min":0.05210519,"runningAverage":8.261528,"value":1.73278213,"weightedAverage":5.94381332}},"metadata":{"timer_format_version":"0.1.0","start_time_seconds":"1695075184","unity_version":"2021.3.27f1","command_line_arguments":"\/home\/benba\/ml-racing\/ML\/builds\/circle_drift_80x60x3_ep1024_linux\/ml_racing.x86_64 --mlagents-port 5010","communication_protocol_version":"1.5.0","com.unity.ml-agents_version":"2.0.1","scene_name":"MLCarRacetrack","end_time_seconds":"1695154493"}}