{"count":1,"self":14372.913152,"total":115269.616729,"children":{"InitializeActuators":{"count":1,"self":0.000707,"total":0.000707,"children":null},"InitializeSensors":{"count":1,"self":0.0034019999999999996,"total":0.0034019999999999996,"children":null},"AgentSendState":{"count":5686852,"self":9.0384976,"total":8031.6706399999994,"children":{"CollectObservations":{"count":573119,"self":0.314876,"total":0.314876,"children":null},"WriteActionMask":{"count":573119,"self":0.432508,"total":0.432508,"children":null},"RequestDecision":{"count":573119,"self":1.250575,"total":8021.8847579999992,"children":{"AgentInfo.ToProto":{"count":573119,"self":2.75539,"total":8020.6341829999992,"children":{"GenerateSensorData":{"count":573119,"self":36.216502399999996,"total":8017.878793,"children":{"CameraSensor.GetCompressedObservation":{"count":573119,"self":7981.662208,"total":7981.662291,"children":null}}}}}}}}},"DecideAction":{"count":5686852,"self":66272.1593344,"total":66272.160521999991,"children":null},"AgentAct":{"count":5686852,"self":26521.4148608,"total":26592.866987999998,"children":{"AgentInfo.ToProto":{"count":9918,"self":0.072614,"total":71.452249,"children":{"GenerateSensorData":{"count":9918,"self":0.527153,"total":71.379635,"children":{"CameraSensor.GetCompressedObservation":{"count":9918,"self":70.85248,"total":70.852482,"children":null}}}}}}}},"gauges":{"CarFinish.CumulativeReward":{"count":9918,"max":135.2326,"min":0.926801264,"runningAverage":25.5841637,"value":5.213254,"weightedAverage":38.0563774}},"metadata":{"timer_format_version":"0.1.0","start_time_seconds":"1696507864","unity_version":"2021.3.27f1","command_line_arguments":"\/home\/benba\/ml-racing\/ML\/green_builds\/green_drive_3track_quad_offset_linux\/ml-racing.x86_64 --mlagents-port 5006","communication_protocol_version":"1.5.0","com.unity.ml-agents_version":"2.0.1","scene_name":"MLCarRacetrackTrain","end_time_seconds":"1696623134"}}_seconds":"1696623134"}}