{"count":1,"self":9616.0817152,"total":35920.642947,"children":{"InitializeActuators":{"count":1,"self":0.000785,"total":0.000785,"children":null},"InitializeSensors":{"count":1,"self":0.003872,"total":0.003872,"children":null},"AgentSendState":{"count":1770392,"self":3.33763,"total":5085.683962,"children":{"CollectObservations":{"count":177215,"self":1527.2973312,"total":1527.2972969999998,"children":null},"WriteActionMask":{"count":177215,"self":0.17632399999999998,"total":0.17632399999999998,"children":null},"RequestDecision":{"count":177215,"self":0.36545099999999997,"total":3554.872711,"children":{"AgentInfo.ToProto":{"count":177215,"self":0.918643,"total":3554.50726,"children":{"GenerateSensorData":{"count":177215,"self":14.5402496,"total":3553.588617,"children":{"CameraSensor.GetCompressedObservation":{"count":177215,"self":3539.048448,"total":3539.0483679999998,"children":null}}}}}}}}},"DecideAction":{"count":1770392,"self":13909.0542592,"total":13909.053848,"children":null},"AgentAct":{"count":1770392,"self":7306.9617152,"total":7309.8177499999993,"children":{"AgentInfo.ToProto":{"count":299,"self":0.0017239999999999998,"total":2.856284,"children":{"GenerateSensorData":{"count":299,"self":0.020492,"total":2.8545599999999998,"children":{"CameraSensor.GetCompressedObservation":{"count":299,"self":2.834068,"total":2.834068,"children":null}}}}}}}},"gauges":{"CarFinish.CumulativeReward":{"count":299,"max":360.0125,"min":1.59745419,"runningAverage":124.893677,"value":231.953308,"weightedAverage":247.897415}},"metadata":{"timer_format_version":"0.1.0","start_time_seconds":"1697179336","unity_version":"2021.3.27f1","command_line_arguments":"\/home\/benba\/ml-racing\/ML\/last_builds\/german_12k_linux\/ml-racing.x86_64 --mlagents-port 5010","communication_protocol_version":"1.5.0","com.unity.ml-agents_version":"2.0.1","scene_name":"MLCarRacetrackTrain","end_time_seconds":"1697215256"}}256"}}