{"count":1,"self":56.116076799999995,"total":101.01170499999999,"children":{"InitializeActuators":{"count":1,"self":0.000611,"total":0.000611,"children":null},"InitializeSensors":{"count":1,"self":0.0022459999999999997,"total":0.0022459999999999997,"children":null},"AgentSendState":{"count":5007,"self":0.012088,"total":17.790384,"children":{"CollectObservations":{"count":507,"self":0.00067999999999999994,"total":0.00067999999999999994,"children":null},"WriteActionMask":{"count":507,"self":0.00060799999999999993,"total":0.00060799999999999993,"children":null},"RequestDecision":{"count":507,"self":0.002245,"total":17.777008,"children":{"AgentInfo.ToProto":{"count":507,"self":0.00284,"total":17.774763,"children":{"GenerateSensorData":{"count":507,"self":0.066146,"total":17.771922999999997,"children":{"CameraSensor.GetCompressedObservation":{"count":507,"self":17.705777599999998,"total":17.705776999999998,"children":null}}}}}}}}},"DecideAction":{"count":5007,"self":3.7381339999999996,"total":3.7381339999999996,"children":null},"AgentAct":{"count":5007,"self":23.3206496,"total":23.363716999999998,"children":{"AgentInfo.ToProto":{"count":5,"self":2.4999999999999998E-05,"total":0.043067999999999995,"children":{"GenerateSensorData":{"count":5,"self":0.001037,"total":0.043043,"children":{"CameraSensor.GetCompressedObservation":{"count":5,"self":0.042005999999999995,"total":0.042005999999999995,"children":null}}}}}}}},"gauges":{"CarFinish.CumulativeReward":{"count":5,"max":46.09177,"min":7.531641,"runningAverage":23.1002541,"value":37.86358,"weightedAverage":20.51412}},"metadata":{"timer_format_version":"0.1.0","start_time_seconds":"1689778625","unity_version":"2021.3.27f1","command_line_arguments":"\/home\/benba\/ml-racing\/ML\/linux_build\/ml-racing.x86_64 --mlagents-port 5005","communication_protocol_version":"1.5.0","com.unity.ml-agents_version":"2.0.1","scene_name":"MLCarRacetrack","end_time_seconds":"1689778726"}}