{"count":1,"self":64948.2207232,"total":283952.576812,"children":{"InitializeActuators":{"count":1,"self":0.000779,"total":0.000779,"children":null},"InitializeSensors":{"count":1,"self":0.003952,"total":0.003952,"children":null},"AgentSendState":{"count":13990998,"self":27.480470399999998,"total":33059.893726999995,"children":{"CollectObservations":{"count":1409342,"self":1.038843,"total":1.038843,"children":null},"WriteActionMask":{"count":1409342,"self":1.2154399999999999,"total":1.2154399999999999,"children":null},"RequestDecision":{"count":1409342,"self":3.1533249999999997,"total":33030.158974,"children":{"AgentInfo.ToProto":{"count":1409342,"self":9.1259968,"total":33027.005649,"children":{"GenerateSensorData":{"count":1409342,"self":104.8420864,"total":33017.879651999996,"children":{"CameraSensor.GetCompressedObservation":{"count":1409342,"self":32913.0377216,"total":32913.037564,"children":null}}}}}}}}},"DecideAction":{"count":13990998,"self":178017.8878464,"total":178017.89198699998,"children":null},"AgentAct":{"count":13990998,"self":7561.0759167999995,"total":7926.5647119999994,"children":{"AgentInfo.ToProto":{"count":22677,"self":0.145917,"total":365.488519,"children":{"GenerateSensorData":{"count":22677,"self":1.567666,"total":365.342602,"children":{"CameraSensor.GetCompressedObservation":{"count":22677,"self":363.7749248,"total":363.77493599999997,"children":null}}}}}}}},"gauges":{"CarFinish.CumulativeReward":{"count":22677,"max":21.1051044,"min":0.8197536,"runningAverage":10.7073717,"value":15.8892269,"weightedAverage":12.7199345}},"metadata":{"timer_format_version":"0.1.0","start_time_seconds":"1694766314","unity_version":"2021.3.27f1","command_line_arguments":"\/home\/benba\/ml-racing\/ML\/builds\/curve_drift_discrete_80x60x3_ep1024_linux\/ml_racing.x86_64 --mlagents-port 5006","communication_protocol_version":"1.5.0","com.unity.ml-agents_version":"2.0.1","scene_name":"MLCarRacetrack","end_time_seconds":"1695050266"}}