{"count":1,"self":25624.4383744,"total":105340.714901,"children":{"InitializeActuators":{"count":1,"self":0.00077799999999999994,"total":0.00077799999999999994,"children":null},"InitializeSensors":{"count":1,"self":0.005527,"total":0.005527,"children":null},"AgentSendState":{"count":5190336,"self":10.2615856,"total":12541.850451999999,"children":{"CollectObservations":{"count":522407,"self":0.383748,"total":0.383748,"children":null},"WriteActionMask":{"count":522407,"self":0.486097,"total":0.486097,"children":null},"RequestDecision":{"count":522407,"self":1.209299,"total":12530.719020999999,"children":{"AgentInfo.ToProto":{"count":522407,"self":3.454798,"total":12529.509721999999,"children":{"GenerateSensorData":{"count":522407,"self":44.398095999999995,"total":12526.054924,"children":{"CameraSensor.GetCompressedObservation":{"count":522407,"self":12481.6564224,"total":12481.656829,"children":null}}}}}}}}},"DecideAction":{"count":5190336,"self":64243.4859008,"total":64243.487291,"children":null},"AgentAct":{"count":5190336,"self":2807.5444224,"total":2930.931489,"children":{"AgentInfo.ToProto":{"count":7410,"self":0.045742,"total":123.387103,"children":{"GenerateSensorData":{"count":7410,"self":0.577683,"total":123.34136099999999,"children":{"CameraSensor.GetCompressedObservation":{"count":7410,"self":122.76367359999999,"total":122.763678,"children":null}}}}}}}},"gauges":{"CarFinish.CumulativeReward":{"count":7410,"max":31.5894146,"min":2.31372786,"runningAverage":24.5090561,"value":28.1579342,"weightedAverage":26.7096748}},"metadata":{"timer_format_version":"0.1.0","start_time_seconds":"1694254661","unity_version":"2021.3.27f1","command_line_arguments":"\/home\/benba\/ml-racing\/ML\/builds\/curve_drift_discrete_80x60x3_ep1024_linux\/ml_racing.x86_64 --mlagents-port 5007","communication_protocol_version":"1.5.0","com.unity.ml-agents_version":"2.0.1","scene_name":"MLCarRacetrack","end_time_seconds":"1694360001"}}ds":"1694360001"}}:"1694360001"}}