{"count":1,"self":41886.0990464,"total":177247.88677699998,"children":{"InitializeActuators":{"count":1,"self":0.001127,"total":0.001127,"children":null},"InitializeSensors":{"count":1,"self":0.0046359999999999995,"total":0.0046359999999999995,"children":null},"AgentSendState":{"count":8737695,"self":16.928998399999998,"total":20716.841523,"children":{"CollectObservations":{"count":880347,"self":0.655054,"total":0.655054,"children":null},"WriteActionMask":{"count":880347,"self":0.739201,"total":0.739201,"children":null},"RequestDecision":{"count":880347,"self":2.018521,"total":20698.518269,"children":{"AgentInfo.ToProto":{"count":880347,"self":5.618516,"total":20696.499748,"children":{"GenerateSensorData":{"count":880347,"self":60.904230399999996,"total":20690.881232,"children":{"CameraSensor.GetCompressedObservation":{"count":880347,"self":20629.9774976,"total":20629.977,"children":null}}}}}}}}},"DecideAction":{"count":8737695,"self":109846.9670912,"total":109846.969098,"children":null},"AgentAct":{"count":8737695,"self":4562.0264959999995,"total":4797.971366,"children":{"AgentInfo.ToProto":{"count":14539,"self":0.09354,"total":235.944693,"children":{"GenerateSensorData":{"count":14539,"self":0.92028599999999994,"total":235.85115299999998,"children":{"CameraSensor.GetCompressedObservation":{"count":14539,"self":234.9308672,"total":234.93086699999998,"children":null}}}}}}}},"gauges":{"CarFinish.CumulativeReward":{"count":14539,"max":15.1979933,"min":0.4891926,"runningAverage":10.241786,"value":11.4453773,"weightedAverage":10.7381735}},"metadata":{"timer_format_version":"0.1.0","start_time_seconds":"1694438705","unity_version":"2021.3.27f1","command_line_arguments":"\/home\/benba\/ml-racing\/ML\/builds\/curve_drift_discrete_80x60x3_ep1024_linux\/ml_racing.x86_64 --mlagents-port 5006","communication_protocol_version":"1.5.0","com.unity.ml-agents_version":"2.0.1","scene_name":"MLCarRacetrack","end_time_seconds":"1694615953"}}"1694615953"}}