{"count":1,"self":10641.1302912,"total":84587.852461,"children":{"InitializeActuators":{"count":1,"self":0.000781,"total":0.000781,"children":null},"InitializeSensors":{"count":1,"self":0.004109,"total":0.004109,"children":null},"AgentSendState":{"count":4161016,"self":6.418964,"total":6063.7557229999993,"children":{"CollectObservations":{"count":422215,"self":0.242753,"total":0.242753,"children":null},"WriteActionMask":{"count":422215,"self":0.317808,"total":0.317808,"children":null},"RequestDecision":{"count":422215,"self":0.821604,"total":6056.776198,"children":{"AgentInfo.ToProto":{"count":422215,"self":1.9692749999999999,"total":6055.954594,"children":{"GenerateSensorData":{"count":422215,"self":37.9648928,"total":6053.9853189999994,"children":{"CameraSensor.GetCompressedObservation":{"count":422215,"self":6016.02048,"total":6016.020425,"children":null}}}}}}}}},"DecideAction":{"count":4161016,"self":46186.7057152,"total":46186.706137,"children":null},"AgentAct":{"count":4161016,"self":21586.7326464,"total":21696.254961,"children":{"AgentInfo.ToProto":{"count":13730,"self":0.117341,"total":109.522151,"children":{"GenerateSensorData":{"count":13730,"self":0.98326499999999994,"total":109.40481,"children":{"CameraSensor.GetCompressedObservation":{"count":13730,"self":108.42154239999999,"total":108.421545,"children":null}}}}}}}},"gauges":{"CarFinish.CumulativeReward":{"count":13730,"max":55.1049042,"min":0.253705263,"runningAverage":11.56274,"value":5.07650757,"weightedAverage":11.3955517}},"metadata":{"timer_format_version":"0.1.0","start_time_seconds":"1694169750","unity_version":"2021.3.27f1","command_line_arguments":"\/home\/benba\/ml-racing\/ML\/builds\/track_drift_discrete_80x60x3_ep2048_linux\/ml_racing.x86_64 --mlagents-port 5008","communication_protocol_version":"1.5.0","com.unity.ml-agents_version":"2.0.1","scene_name":"MLCarRacetrack","end_time_seconds":"1694254338"}}cene_name":"MLCarRacetrack","end_time_seconds":"1694254338"}}}}