{"count":1,"self":26.008860799999997,"total":60.812322099999996,"children":{"InitializeActuators":{"count":1,"self":0.0020266999999999998,"total":0.0020266999999999998,"children":null},"InitializeSensors":{"count":1,"self":0.010537099999999999,"total":0.010537099999999999,"children":null},"AgentSendState":{"count":2916,"self":0.013013199999999999,"total":1.4074615,"children":{"CollectObservations":{"count":297,"self":0.0031265999999999998,"total":0.0031265999999999998,"children":null},"WriteActionMask":{"count":297,"self":0.0010046,"total":0.0010046,"children":null},"RequestDecision":{"count":297,"self":0.0020044999999999998,"total":1.3903170999999999,"children":{"AgentInfo.ToProto":{"count":297,"self":0.002943,"total":1.3883126,"children":{"GenerateSensorData":{"count":297,"self":0.031976899999999996,"total":1.3853696,"children":{"CameraSensor.GetCompressedObservation":{"count":297,"self":1.3533927,"total":1.3533927,"children":null}}}}}}}}},"DecideAction":{"count":2916,"self":2.8557962,"total":2.8557962,"children":null},"AgentAct":{"count":2916,"self":30.486019199999998,"total":30.526658599999998,"children":{"AgentInfo.ToProto":{"count":13,"self":0,"total":0.0406404,"children":{"GenerateSensorData":{"count":13,"self":0.0010214,"total":0.0406404,"children":{"CameraSensor.GetCompressedObservation":{"count":13,"self":0.039619,"total":0.039619,"children":null}}}}}}}},"gauges":{"CarFinish.CumulativeReward":{"count":13,"max":5.85997248,"min":0.142774627,"runningAverage":2.701237,"value":1.04608274,"weightedAverage":2.24706984}},"metadata":{"timer_format_version":"0.1.0","start_time_seconds":"1692780256","unity_version":"2021.3.27f1","command_line_arguments":"C:\\Users\\benba\\Documents\\uni\\ba\\ml-racing-2021\\ML\\yellow_ground_build_win\\ml-racing-project.exe --mlagents-port 5005","communication_protocol_version":"1.5.0","com.unity.ml-agents_version":"2.0.1","scene_name":"MLCarRacetrack","end_time_seconds":"1692780316"}}