{"count":1,"self":1121.0547199999999,"total":36225.915970999995,"children":{"InitializeActuators":{"count":1,"self":0.00113,"total":0.00113,"children":null},"InitializeSensors":{"count":1,"self":0.0056219999999999994,"total":0.0056219999999999994,"children":null},"AgentSendState":{"count":5463866,"self":7.0121135999999993,"total":4509.191076,"children":{"CollectObservations":{"count":547052,"self":3848.7314432,"total":3848.7312859999997,"children":null},"WriteActionMask":{"count":547052,"self":0.34282199999999996,"total":0.34282199999999996,"children":null},"RequestDecision":{"count":547052,"self":0.81898799999999994,"total":653.10485399999993,"children":{"AgentInfo.ToProto":{"count":547052,"self":2.2511289999999997,"total":652.28586599999994,"children":{"GenerateSensorData":{"count":547052,"self":16.6925904,"total":650.034737,"children":{"CameraSensor.GetCompressedObservation":{"count":547052,"self":633.3421568,"total":633.342146,"children":null}}}}}}}}},"DecideAction":{"count":5463866,"self":10562.9147136,"total":10562.914864999999,"children":null},"AgentAct":{"count":5463866,"self":20030.721228799997,"total":20032.747921,"children":{"AgentInfo.ToProto":{"count":1799,"self":0.008398,"total":2.0268159999999997,"children":{"GenerateSensorData":{"count":1799,"self":0.06254,"total":2.018418,"children":{"CameraSensor.GetCompressedObservation":{"count":1799,"self":1.955878,"total":1.955878,"children":null}}}}}}}},"gauges":{"CarFinish.CumulativeReward":{"count":1799,"max":85.91754,"min":-0.324293524,"runningAverage":45.2014465,"value":80.17428,"weightedAverage":75.0947647}},"metadata":{"timer_format_version":"0.1.0","start_time_seconds":"1696884021","unity_version":"2021.3.27f1","command_line_arguments":"\/home\/benba\/ml-racing\/ML\/green_builds\/linear_drive_linux\/ml-racing.x86_64 --mlagents-port 5012","communication_protocol_version":"1.5.0","com.unity.ml-agents_version":"2.0.1","scene_name":"MLCarRacetrackTrain","end_time_seconds":"1696920247"}}