{"count":1,"self":11271.6562432,"total":80210.60076999999,"children":{"InitializeActuators":{"count":1,"self":0.00074599999999999992,"total":0.00074599999999999992,"children":null},"InitializeSensors":{"count":1,"self":0.0044139999999999995,"total":0.0044139999999999995,"children":null},"AgentSendState":{"count":3956933,"self":6.2894312,"total":7696.5168619999995,"children":{"CollectObservations":{"count":397780,"self":0.23288099999999998,"total":0.23288099999999998,"children":null},"WriteActionMask":{"count":397780,"self":0.31729999999999997,"total":0.31729999999999997,"children":null},"RequestDecision":{"count":397780,"self":0.806288,"total":7689.67725,"children":{"AgentInfo.ToProto":{"count":397780,"self":1.8432819999999999,"total":7688.870962,"children":{"GenerateSensorData":{"count":397780,"self":27.7029952,"total":7687.0276799999992,"children":{"CameraSensor.GetCompressedObservation":{"count":397780,"self":7659.3250303999994,"total":7659.3246839999993,"children":null}}}}}}}}},"DecideAction":{"count":3956933,"self":34596.8377856,"total":34596.836695,"children":null},"AgentAct":{"count":3956933,"self":26625.797324799998,"total":26645.585045,"children":{"AgentInfo.ToProto":{"count":4289,"self":0.02349,"total":19.786905,"children":{"GenerateSensorData":{"count":4289,"self":0.223211,"total":19.763415,"children":{"CameraSensor.GetCompressedObservation":{"count":4289,"self":19.540204799999998,"total":19.540204,"children":null}}}}}}}},"gauges":{"CarFinish.CumulativeReward":{"count":4289,"max":74.01656,"min":0.954840064,"runningAverage":40.1181221,"value":43.6830139,"weightedAverage":43.2180176}},"metadata":{"timer_format_version":"0.1.0","start_time_seconds":"1694005964","unity_version":"2021.3.27f1","command_line_arguments":"\/home\/benba\/ml-racing\/ML\/builds\/track_discrete_80x60x3_ep1024_linux\/ml_racing.x86_64 --mlagents-port 5011","communication_protocol_version":"1.5.0","com.unity.ml-agents_version":"2.0.1","scene_name":"MLCarRacetrack","end_time_seconds":"1694086174"}}